location,price,total_area,net_area,price_per_sqm,rooms_count,halls_count,bathrooms_count,balconies_count,floor_raw,floor_num,total_floors,building_age_clean,age_category,legal_status,house_condition,kitchen_type,heating_type,has_elevator,has_parking,in_complex,is_furnished,facade_directions,advertiser_type,near_mosque,near_hospital,near_park,near_university,near_school,near_market,near_transport
العباسية_المهاجرين,5950,60,60,99.17,2,1,1,1,2,2,4,7.5,Semi-New,كاتب عدل/وكالة,فارغ,مغلق,تدفئة ديزل,بدون مصعد,يوجد موقف,داخل مجمع,غير مفروش,شرق,وسيط,0,0,1,0,1,0,0
,7650,80,80,95.62,2,1,2,1,3,3,4,7.5,Semi-New,طابو أخضر/نظامي,فارغ,مغلق,تدفئة ديزل,بدون مصعد,يوجد موقف,داخل مجمع,غير مفروش,غرب,وسيط,0,0,1,0,1,0,0
وادي الذهب,8000,100,100,80.0,3,1,2,1,2,2,4,7.5,Semi-New,كاتب عدل/وكالة,فارغ,مغلق,تدفئة ديزل,بدون مصعد,يوجد موقف,داخل مجمع,غير مفروش,شمال,وسيط,0,0,0,0,0,0,0
السبيل,8500,100,100,85.0,2,1,1,0,4,4,4,7.5,Semi-New,كاتب عدل/وكالة,مسكون من صاحبه,مغلق,لا يوجد,بدون مصعد,بدون موقف,داخل مجمع,غير مفروش,"شرق,غرب",المالك,0,0,0,0,0,0,0
كرم الزيتون,9775,120,120,81.46,3,1,2,2,2,2,5,4.0,New,كاتب عدل/وكالة,فارغ,مغلق,تدفئة ديزل,بدون مصعد,يوجد موقف,داخل مجمع,غير مفروش,شمال,وسيط,0,0,0,0,0,0,0
وادي الذهب,10684,75,75,142.45,2,1,2,1,1,1,4,10.0,Semi-New,كاتب عدل/وكالة,مسكون من صاحبه,مغلق,تدفئة ديزل,بدون مصعد,يوجد موقف,داخل مجمع,غير مفروش,"جنوب,شرق,شمال,غرب",وسيط,0,0,0,0,0,0,0
العباسية_المهاجرين,10684,90,90,118.71,2,1,2,1,1,1,5,4.0,New,كاتب عدل/وكالة,فارغ,مفتوح (أمريكي),تدفئة ديزل,بدون مصعد,يوجد موقف,داخل مجمع,غير مفروش,"شرق,غرب",وسيط,0,0,0,0,0,0,0
تلدو,10850,105,105,103.33,2,1,2,1,قبو 1,-1,4,7.5,Semi-New,طابو أخضر/نظامي,فارغ,مغلق,تدفئة ديزل,بدون مصعد,يوجد موقف,داخل مجمع,غير مفروش,"شمال,غرب",وسيط,0,0,0,0,0,0,0
كرم الزيتون,11000,75,75,146.67,3,1,2,0,أرضي,0,4,7.5,Semi-New,كاتب عدل/وكالة,مسكون من صاحبه,مغلق,تدفئة ديزل,بدون مصعد,يوجد موقف,داخل مجمع,مفروش,"شرق,شمال",وسيط,0,0,0,0,0,0,0
الفردوس,11900,126,126,94.44,4,1,2,1,2,2,4,4.0,New,كاتب عدل/وكالة,مسكون من صاحبه,مغلق,تدفئة ديزل,بدون مصعد,يوجد موقف,داخل مجمع,مفروش,"شرق,غرب",وسيط,0,0,0,0,0,0,0
الأرمن,12000,65,65,184.62,1,1,1,1,1,1,4,7.5,Semi-New,طابو أخضر/نظامي,فارغ,مغلق,تدفئة ديزل,بدون مصعد,يوجد موقف,داخل مجمع,غير مفروش,"جنوب,شرق,غرب",وسيط,0,0,0,0,0,0,0
الأرمن,12000,50,50,240.0,2,1,1,1,أرضي,0,4,7.5,Semi-New,طابو أخضر/نظامي,مسكون من صاحبه,مغلق,تدفئة ديزل,بدون مصعد,يوجد موقف,داخل مجمع,مفروش,شرق,وسيط,0,0,0,0,1,1,0
السبيل,12800,80,80,160.0,2,1,1,1,قبو 2,-1,4,7.5,Semi-New,طابو أخضر/نظامي,فارغ,مغلق,لا يوجد,بدون مصعد,يوجد موقف,داخل مجمع,غير مفروش,شرق,وسيط,0,0,0,0,0,1,0
الأرمن,12821,50,50,256.42,2,1,0,1,1,1,3,20.0,Medium,كاتب عدل/وكالة,مؤجر,مغلق,لا يوجد,بدون مصعد,بدون موقف,خارج مجمع,غير مفروش,جنوب,وسيط,0,0,0,0,0,0,0
الزهراء,13000,100,100,130.0,3,1,2,1,1,1,4,7.5,Semi-New,طابو أخضر/نظامي,فارغ,مغلق,تدفئة ديزل,بدون مصعد,يوجد موقف,داخل مجمع,غير مفروش,"جنوب,شمال,غرب",وسيط,0,1,0,0,0,1,0
وادي الذهب,23000,140,140,164.29,3,1,2,1,أرضي,0,4,7.5,Semi-New,كاتب عدل/وكالة,فارغ,مغلق,تدفئة ديزل,بدون مصعد,يوجد موقف,داخل مجمع,غير مفروش,شمال,وسيط,0,0,1,0,0,0,0
كرم اللوز,23000,110,110,209.09,3,1,2,1,2,2,4,7.5,Semi-New,كاتب عدل/وكالة,مسكون من صاحبه,مفتوح (أمريكي),تدفئة ديزل,بدون مصعد,يوجد موقف,داخل مجمع,غير مفروش,شمال,وسيط,0,1,0,0,0,0,0
كرم اللوز,25000,180,150,138.89,3,1,2,1,أرضي,0,4,12.5,Medium,طابو أخضر/نظامي,مسكون من صاحبه,مغلق,تدفئة ديزل,بدون مصعد,يوجد موقف,داخل مجمع,غير مفروش,"جنوب,شمال",وسيط,0,0,0,0,1,0,0
جب الجندلي,25000,100,100,250.0,2,1,2,1,أرضي,0,4,7.5,Semi-New,طابو أخضر/نظامي,مسكون من صاحبه,مغلق,تدفئة ديزل,بدون مصعد,يوجد موقف,داخل مجمع,مفروش,غرب,وسيط,0,0,1,0,0,0,0
جب الجندلي,25000,85,85,294.12,2,1,2,1,2,2,4,10.5,Medium,طابو أخضر/نظامي,فارغ,مغلق,تدفئة ديزل,بدون مصعد,يوجد موقف,داخل مجمع,غير مفروش,"جنوب,شرق",وسيط,0,0,0,0,0,0,0
جب الجندلي,26000,100,100,260.0,3,1,2,1,1,1,4,10.0,Semi-New,طابو أخضر/نظامي,مسكون من صاحبه,مغلق,تدفئة ديزل,بدون مصعد,بدون موقف,داخل مجمع,غير مفروش,غرب,وسيط,0,0,0,0,0,0,0
وادي الذهب,27000,120,120,225.0,3,1,2,1,2,2,4,10.0,Semi-New,كاتب عدل/وكالة,مسكون من صاحبه,مغلق,تدفئة ديزل,بدون مصعد,يوجد موقف,داخل مجمع,غير مفروش,"شمال,غرب",وسيط,0,0,0,0,0,0,0
وادي الذهب,28000,120,120,233.33,2,1,2,1,2,2,4,7.5,Semi-New,طابو أخضر/نظامي,فارغ,مغلق,تدفئة ديزل,بدون مصعد,يوجد موقف,داخل مجمع,غير مفروش,"جنوب,شرق",وسيط,0,0,0,0,0,0,0
وادي الذهب,28000,120,120,233.33,4,1,2,1,2,2,4,7.5,Semi-New,كاتب عدل/وكالة,فارغ,مغلق,تدفئة ديزل,بدون مصعد,يوجد موقف,داخل مجمع,غير مفروش,"جنوب,شمال",وسيط,0,0,0,0,0,0,0
كرم اللوز,30000,110,110,272.73,2,1,2,1,2,2,4,7.5,Semi-New,كاتب عدل/وكالة,فارغ,مفتوح (أمريكي),تدفئة ديزل,بدون مصعد,يوجد موقف,داخل مجمع,غير مفروش,شمال,وسيط,0,1,0,0,0,0,0
جب الجندلي,30000,90,90,333.33,2,1,2,1,أرضي,0,4,25.0,Old,طابو أخضر/نظامي,مسكون من صاحبه,مغلق,تدفئة ديزل,بدون مصعد,يوجد موقف,داخل مجمع,غير مفروش,"جنوب,شرق",وسيط,0,0,0,0,0,0,0
جب الجندلي,30000,120,120,250.0,4,1,2,1,2,2,4,25.0,Old,طابو أخضر/نظامي,فارغ,مغلق,تدفئة ديزل,بدون مصعد,يوجد موقف,داخل مجمع,غير مفروش,جنوب,وسيط,0,0,0,0,0,0,0
وادي الذهب,32000,145,145,220.69,3,1,2,2,1,1,4,7.5,Semi-New,حكم محكمة,مسكون من صاحبه,مغلق,تدفئة ديزل,بدون مصعد,يوجد موقف,داخل مجمع,مفروش,جنوب,وسيط,0,0,0,0,0,0,0
وادي الذهب,34000,140,140,242.86,4,1,2,1,2,2,5,4.0,New,حكم محكمة,مسكون من صاحبه,مغلق,تدفئة ديزل,بدون مصعد,يوجد موقف,داخل مجمع,مفروش,"جنوب,شمال",وسيط,0,0,0,0,0,0,0
الحميدية,35000,90,90,388.89,2,1,2,1,2,2,4,7.5,Semi-New,طابو أخضر/نظامي,فارغ,مغلق,تدفئة ديزل,بدون مصعد,يوجد موقف,داخل مجمع,غير مفروش,"جنوب,شمال",وسيط,0,0,0,0,0,0,0
ضاحية الوليد,35000,117,117,299.15,2,1,2,2,2,2,4,7.5,Semi-New,طابو أخضر/نظامي,مسكون من صاحبه,مغلق,تدفئة ديزل,بدون مصعد,بدون موقف,داخل مجمع,مفروش,"جنوب,شرق,غرب",وسيط,0,0,0,0,0,0,0
العباسية_المهاجرين,35000,145,145,241.38,3,1,2,1,2,2,4,10.0,Semi-New,كاتب عدل/وكالة,مسكون من صاحبه,مغلق,تدفئة ديزل,بدون مصعد,يوجد موقف,داخل مجمع,مفروش,"جنوب,شمال",وسيط,0,0,1,0,0,0,0
جب الجندلي,35000,190,140,184.21,3,1,3,0,أرضي,0,3,50.0,Old,طابو أخضر/نظامي,فارغ,مغلق,لا يوجد,بدون مصعد,بدون موقف,داخل مجمع,غير مفروش,"شرق,شمال,غرب",المالك,0,0,0,0,0,0,0
الأرمن,37000,110,110,336.36,2,1,2,1,2,2,4,10.0,Semi-New,طابو أخضر/نظامي,مسكون من صاحبه,مغلق,تدفئة ديزل,بدون مصعد,يوجد موقف,داخل مجمع,مفروش,"جنوب,شمال",وسيط,0,0,0,0,0,0,0
الأرمن,38000,120,120,316.67,2,1,2,1,1,1,4,7.5,Semi-New,طابو أخضر/نظامي,فارغ,مفتوح (أمريكي),تدفئة ديزل,بدون مصعد,يوجد موقف,داخل مجمع,غير مفروش,شرق,وسيط,0,0,0,0,0,1,1
باب الدريب,40000,120,120,333.33,2,1,2,2,2,2,4,4.0,New,كاتب عدل/وكالة,مسكون من صاحبه,مفتوح (أمريكي),تدفئة ديزل,بدون مصعد,يوجد موقف,داخل مجمع,مفروش,"شرق,شمال",وسيط,0,1,0,0,0,0,0
وادي الذهب,40000,140,140,285.71,3,1,2,1,2,2,4,4.0,New,طابو أخضر/نظامي,مسكون من صاحبه,مغلق,تدفئة ديزل,بدون مصعد,يوجد موقف,داخل مجمع,مفروش,شمال,وسيط,0,1,0,0,0,0,0
المخرم,45000,330,240,136.36,4,1,2,1,1,1,2,17.5,Medium,طابو أخضر/نظامي,مسكون من صاحبه,مغلق,لا يوجد,بدون مصعد,بدون موقف,خارج مجمع,مفروش,جنوب,المالك,0,0,0,0,0,0,0
كرم الشامي,45000,300,300,150.0,2,1,2,1,أرضي,0,4,7.5,Semi-New,طابو أخضر/نظامي,مسكون من صاحبه,مغلق,تدفئة ديزل,بدون مصعد,مقتوح,داخل مجمع,مفروش,"جنوب,شمال",وسيط,0,0,0,0,0,0,0
وادي الذهب,45000,125,125,360.0,2,1,2,1,2,2,2,7.5,Semi-New,طابو أخضر/نظامي,فارغ,مفتوح (أمريكي),تدفئة ديزل,بدون مصعد,يوجد موقف,داخل مجمع,غير مفروش,"جنوب,شمال",وسيط,1,1,0,0,0,0,0
النزهة,48000,150,150,320.0,3,1,2,1,2,2,4,7.5,Semi-New,كاتب عدل/وكالة,مسكون من صاحبه,مغلق,تدفئة ديزل,بدون مصعد,يوجد موقف,داخل مجمع,غير مفروش,غرب,وسيط,1,1,1,1,0,0,0
وادي الذهب,50000,160,160,312.5,3,1,2,2,3,3,3,7.5,Semi-New,حكم محكمة,مسكون من صاحبه,مفتوح (أمريكي),تدفئة ديزل,بدون مصعد,يوجد موقف,داخل مجمع,مفروش,"جنوب,شرق,شمال",وسيط,0,1,0,0,1,0,0
وادي الذهب,52000,190,190,273.68,4,1,2,1,2,2,5,4.0,New,طابو أخضر/نظامي,مسكون من صاحبه,مغلق,تدفئة ديزل,بدون مصعد,يوجد موقف,داخل مجمع,غير مفروش,"جنوب,شرق,غرب",وسيط,0,0,0,0,1,1,1
كرم اللوز,53000,165,165,321.21,4,1,2,2,2,2,2,7.5,Semi-New,طابو أخضر/نظامي,مسكون من صاحبه,مغلق,تدفئة ديزل,بدون مصعد,يوجد موقف,داخل مجمع,مفروش,"جنوب,غرب",وسيط,0,0,0,0,0,0,0
كرم الشامي,55000,167,167,329.34,3,1,2,1,4,4,10,10.0,Semi-New,طابو أخضر/نظامي,مسكون من صاحبه,مغلق,تدفئة ديزل,يوجد مصعد,يوجد موقف,داخل مجمع,غير مفروش,جنوب,المالك,0,0,0,0,0,0,0
الأرمن,55000,170,170,323.53,4,1,2,1,2,2,4,7.5,Semi-New,طابو أخضر/نظامي,مسكون من صاحبه,مغلق,تدفئة ديزل,يوجد مصعد,يوجد موقف,داخل مجمع,غير مفروش,جنوب,وسيط,0,0,0,0,0,1,0
عكرمة,55000,110,110,500.0,4,1,2,1,1,1,4,7.5,Semi-New,طابو أخضر/نظامي,مسكون من صاحبه,مغلق,تدفئة ديزل,بدون مصعد,يوجد موقف,داخل مجمع,مفروش,جنوب,وسيط,0,1,0,0,0,0,0
عكرمة الجديدة,55000,100,100,550.0,2,1,2,1,2,2,5,7.5,Semi-New,طابو أخضر/نظامي,فارغ,مغلق,تدفئة ديزل,بدون مصعد,بدون موقف,داخل مجمع,غير مفروش,غرب,وسيط,0,1,0,0,1,0,0
عكرمة الجديدة,60000,130,130,461.54,3,1,2,1,2,2,4,7.5,Semi-New,طابو أخضر/نظامي,فارغ,مفتوح (أمريكي),تدفئة ديزل,بدون مصعد,يوجد موقف,داخل مجمع,غير مفروش,"جنوب,شرق",وسيط,0,1,0,0,0,0,0
وادي الذهب,60000,185,185,324.32,4,1,2,1,3,3,4,7.5,Semi-New,طابو أخضر/نظامي,مسكون من صاحبه,مغلق,تدفئة ديزل,بدون مصعد,يوجد موقف,داخل مجمع,مفروش,"شرق,شمال",وسيط,0,0,1,0,0,0,0
وادي الذهب,63000,130,130,484.62,2,1,2,1,3,3,4,7.5,Semi-New,حكم محكمة,مسكون من صاحبه,مغلق,تدفئة ديزل,بدون مصعد,يوجد موقف,داخل مجمع,مفروش,"جنوب,شرق",وسيط,0,0,0,0,0,0,0
بابا عمرو,65000,130,130,500.0,4,1,2,1,أرضي,0,5,7.5,Semi-New,كاتب عدل/وكالة,مسكون من صاحبه,مغلق,تدفئة ديزل,بدون مصعد,يوجد موقف,داخل مجمع,مفروش,"جنوب,شمال",وسيط,1,0,0,0,0,0,0
المحطة,65000,90,90,722.22,2,1,2,1,أرضي,0,4,7.5,Semi-New,طابو أخضر/نظامي,مسكون من صاحبه,مغلق,تدفئة ديزل,بدون مصعد,يوجد موقف,داخل مجمع,مفروش,"شرق,غرب",وسيط,0,0,1,0,1,0,0
عكرمة الجديدة,65000,128,128,507.81,3,1,2,1,2,2,4,4.0,New,طابو أخضر/نظامي,فارغ,مغلق,تدفئة ديزل,بدون مصعد,يوجد موقف,داخل مجمع,غير مفروش,"جنوب,شرق",وسيط,0,0,0,0,0,0,0
الحميدية,65000,143,140,454.55,3,1,1,0,أرضي,0,3,7.5,Semi-New,طابو أخضر/نظامي,مسكون من صاحبه,مغلق,لا يوجد,بدون مصعد,بدون موقف,داخل مجمع,غير مفروش,"جنوب,شرق,غرب",المالك,1,0,0,0,0,0,0
ضاحية الوليد,70000,155,155,451.61,3,1,2,1,2,2,4,7.5,Semi-New,طابو أخضر/نظامي,فارغ,مغلق,تدفئة ديزل,بدون مصعد,يوجد موقف,داخل مجمع,مفروش,"شرق,شمال,غرب",وسيط,0,0,0,0,0,0,0
كرم الشامي,72000,140,140,514.29,3,1,2,1,6,6,8,12.5,Medium,طابو أخضر/نظامي,مسكون من صاحبه,مغلق,تدفئة ديزل,يوجد مصعد,يوجد موقف,داخل مجمع,مفروش,"شرق,غرب",وسيط,0,0,0,0,0,0,0
عكرمة الجديدة,75000,168,168,446.43,3,1,1,2,2,2,4,35.0,Old,طابو أخضر/نظامي,مسكون من صاحبه,مغلق,تدفئة ديزل,بدون مصعد,بدون موقف,داخل مجمع,غير مفروش,"شرق,غرب",المالك,0,1,0,0,0,1,0
شارع النزهة الرئيسي,75000,145,145,517.24,3,1,2,1,2,2,4,7.5,Semi-New,طابو أخضر/نظامي,مسكون من صاحبه,مغلق,تدفئة ديزل,بدون مصعد,يوجد موقف,داخل مجمع,مفروش,"شمال,غرب",وسيط,0,0,0,1,0,0,0
كرم الشامي,75000,145,145,517.24,3,1,2,1,1,1,3,10.0,Semi-New,طابو أخضر/نظامي,فارغ,مغلق,تدفئة ديزل,بدون مصعد,يوجد موقف,داخل مجمع,غير مفروش,"جنوب,شرق,غرب",وسيط,0,0,0,0,0,0,0
الخضر,80000,125,115,640.0,3,1,2,1,1,1,3,25.0,Old,طابو أخضر/نظامي,فارغ,مغلق,تدفئة ديزل,بدون مصعد,بدون موقف,داخل مجمع,مفروش,"جنوب,غرب",وسيط,0,0,0,0,0,1,0
المحطة,80000,130,100,615.38,2,1,1,2,3,3,3,12.5,Medium,طابو أخضر/نظامي,مسكون من صاحبه,مغلق,لا يوجد,بدون مصعد,بدون موقف,خارج مجمع,غير مفروش,جنوب,وسيط,0,1,0,0,0,0,0
القصور,80000,150,150,533.33,4,1,2,2,3,3,5,10.0,Semi-New,طابو أخضر/نظامي,فارغ,مغلق,تدفئة ديزل,بدون مصعد,يوجد موقف,داخل مجمع,غير مفروش,"شرق,غرب",وسيط,0,0,0,0,1,0,0
المحطة,80000,130,130,615.38,3,1,2,1,أرضي,0,4,7.5,Semi-New,طابو أخضر/نظامي,فارغ,مغلق,تدفئة ديزل,بدون مصعد,يوجد موقف,داخل مجمع,غير مفروش,"جنوب,شمال",وسيط,0,1,0,0,0,0,0
عكرمة,85000,250,250,340.0,4,1,2,0,أرضي,0,3,12.5,Medium,طابو أخضر/نظامي,مسكون من صاحبه,مغلق,لا يوجد,بدون مصعد,بدون موقف,داخل مجمع,مفروش,"جنوب,غرب",وسيط,0,0,0,0,0,0,0
باب الدريب,85000,225,225,377.78,4,2,2,3,2,2,4,7.5,Semi-New,كاتب عدل/وكالة,مسكون من صاحبه,مغلق,تدفئة ديزل,يوجد مصعد,يوجد موقف,داخل مجمع,مفروش,"جنوب,شرق",وسيط,0,0,0,0,0,0,0
الحميدية,85000,240,240,354.17,6,1,2,1,1,1,4,12.5,Medium,طابو أخضر/نظامي,فارغ,مغلق,3 مدفقة ديزل,بدون مصعد,يوجد موقف,داخل مجمع,غير مفروش,"جنوب,شرق",وسيط,1,0,0,0,0,1,0
الوعر,85000,176,176,482.95,5,1,2,2,3,3,3,25.0,Old,طابو أخضر/نظامي,مسكون من صاحبه,مغلق,تدفئة ديزل,بدون مصعد,يوجد موقف,داخل مجمع,غير مفروش,"جنوب,شرق",وسيط,0,0,0,0,0,0,0
عكرمة,90000,135,126,666.67,2,1,2,1,1,1,3,3.0,New,طابو أخضر/نظامي,مسكون من صاحبه,مغلق,تدفئة ديزل,بدون مصعد,يوجد موقف,خارج مجمع,مفروش,شرق,المالك,0,0,1,0,0,0,0
عكرمة,90000,150,150,600.0,4,1,2,1,2,2,2,10.0,Semi-New,حكم محكمة,فارغ,مغلق,تدفئة ديزل,بدون مصعد,يوجد موقف,داخل مجمع,غير مفروش,"جنوب,شرق",وسيط,1,1,0,0,0,0,1
كرم الشامي,95000,1000,165,95.0,3,1,2,0,أرضي,0,10,12.5,Medium,طابو أخضر/نظامي,فارغ,مغلق,لا يوجد,يوجد مصعد,بدون موقف,خارج مجمع,غير مفروش,"جنوب,شرق,شمال",المالك,0,0,0,0,0,0,1
عكرمة الجديدة,100000,220,220,454.55,2,1,2,1,أرضي,0,4,7.5,Semi-New,طابو أخضر/نظامي,مسكون من صاحبه,مغلق,تدفئة ديزل,بدون مصعد,بدون موقف,داخل مجمع,مفروش,جنوب,وسيط,0,1,0,0,0,0,0
الميماس,100000,180,180,555.56,5,1,2,2,2,2,6,12.5,Medium,طابو أخضر/نظامي,مؤجر,مفتوح (أمريكي),مركزي,بدون مصعد,بدون موقف,داخل مجمع,غير مفروش,"جنوب,شرق,شمال,غرب",المالك,0,0,0,0,0,0,0
ضاحية الوليد,110000,300,112,366.67,2,1,1,1,أرضي,0,3,12.5,Medium,طابو أخضر/نظامي,مسكون من صاحبه,مغلق,لا يوجد,بدون مصعد,يوجد موقف,داخل مجمع,مفروش,"جنوب,شرق,شمال",المالك,0,0,0,0,0,0,1
عكرمة الجديدة,110000,140,140,785.71,3,1,2,1,2,2,3,10.0,Semi-New,طابو أخضر/نظامي,مسكون من صاحبه,مغلق,تدفئة ديزل,بدون مصعد,يوجد موقف,داخل مجمع,مفروش,"شرق,غرب",وسيط,1,1,0,1,0,0,0
الوعر,110000,220,220,500.0,4,1,2,1,أرضي,0,3,12.5,Medium,طابو أخضر/نظامي,مؤجر,مفتوح (أمريكي),تدفئة ديزل,بدون مصعد,يوجد موقف,خارج مجمع,غير مفروش,"شمال,غرب",المالك,0,0,0,0,1,0,0
عكرمة الجديدة,115000,150,140,766.67,3,1,2,1,1,1,3,4.0,New,طابو أخضر/نظامي,مسكون من صاحبه,مغلق,تدفئة ديزل,بدون مصعد,يوجد موقف,داخل مجمع,مفروش,"جنوب,شمال",وسيط,1,1,0,1,0,0,1
المحطة,117000,180,180,650.0,2,1,2,1,2,2,4,7.5,Semi-New,طابو أخضر/نظامي,مسكون من صاحبه,مغلق,تدفئة ديزل,بدون مصعد,يوجد موقف,داخل مجمع,مفروش,"جنوب,شمال",وسيط,0,0,0,0,0,0,0
الأرمن,120000,120,120,1000.0,3,1,2,1,2,2,4,4.0,New,طابو أخضر/نظامي,مسكون من صاحبه,مغلق,تدفئة ديزل,بدون مصعد,يوجد موقف,داخل مجمع,مفروش,"جنوب,شمال",وسيط,0,0,0,0,1,0,0
الوعر,120000,260,220,461.54,5,1,3,1,2,2,4,12.5,Medium,كاتب عدل/وكالة,فارغ,مغلق,مركزي,بدون مصعد,يوجد موقف,خارج مجمع,غير مفروش,"جنوب,شرق,غرب",المالك,0,0,0,0,0,0,0
عكرمة الجديدة,125000,200,200,625.0,3,1,3,1,1,1,4,7.5,Semi-New,طابو أخضر/نظامي,فارغ,مفتوح (أمريكي),تدفئة ديزل,بدون مصعد,امريكي مفتوح,داخل مجمع,مفروش,"جنوب,شرق",وسيط,0,1,0,0,0,0,0
الغوطة,130000,160,150,812.5,4,1,2,3,2,2,3,45.0,Old,كاتب عدل/وكالة,فارغ,مغلق,تدفئة ديزل,بدون مصعد,يوجد موقف,خارج مجمع,غير مفروش,غرب,المالك,0,0,0,0,0,0,0
كرم الشامي,135000,200,200,675.0,3,1,2,1,5,5,5,12.5,Medium,طابو أخضر/نظامي,مسكون من صاحبه,مغلق,مركزي,يوجد مصعد,يوجد موقف,داخل مجمع,مفروش,شرق,وسيط,1,0,0,0,0,0,1
الوعر,135000,200,180,675.0,3,1,2,1,أرضي,0,4,7.5,Semi-New,طابو أخضر/نظامي,مسكون من صاحبه,مغلق,تدفئة ديزل,بدون مصعد,يوجد موقف,داخل مجمع,مفروش,"جنوب,شرق,شمال",وسيط,0,0,0,0,0,0,0
كرم الشامي,140000,140,136,1000.0,3,1,2,2,1,1,3,7.5,Semi-New,طابو أخضر/نظامي,مسكون من صاحبه,مغلق,لا يوجد,بدون مصعد,بدون موقف,خارج مجمع,غير مفروش,"جنوب,شرق,شمال,غرب",وسيط,0,0,0,0,0,0,0
كرم الشامي,140000,140,140,1000.0,2,1,2,2,1,1,4,7.5,Semi-New,طابو أخضر/نظامي,مسكون من صاحبه,مغلق,تدفئة ديزل,بدون مصعد,يوجد موقف,داخل مجمع,مفروش,"شرق,غرب",وسيط,0,0,0,0,0,0,0
الوعر,140000,268,268,522.39,4,1,2,2,1,1,4,12.5,Medium,طابو أخضر/نظامي,فارغ,مغلق,تدفئة ديزل,بدون مصعد,يوجد موقف,داخل مجمع,غير مفروش,"جنوب,غرب",وسيط,0,0,0,0,0,0,0
ضاحية الوليد,140000,170,170,823.53,2,1,2,1,أرضي,0,5,7.5,Semi-New,حكم محكمة,مسكون من صاحبه,مفتوح (أمريكي),تدفئة ديزل,بدون مصعد,يوجد موقف,داخل مجمع,مفروش,"جنوب,شمال,غرب",وسيط,0,0,0,0,0,0,0
الخضر,140000,200,180,700.0,3,2,2,1,2,2,3,17.5,Medium,طابو أخضر/نظامي,مسكون من صاحبه,مغلق,تدفئة ديزل,بدون مصعد,يوجد موقف,خارج مجمع,مفروش,جنوب,المالك,0,0,0,0,0,0,0
المحطة,143000,155,155,922.58,2,1,2,2,3,3,3,15.0,Medium,طابو أخضر/نظامي,مسكون من صاحبه,مغلق,تدفئة ديزل,بدون مصعد,يوجد موقف,داخل مجمع,غير مفروش,"جنوب,شرق,غرب",وسيط,1,0,0,0,0,0,0
الوعر,145000,200,180,725.0,3,1,2,3,1,1,10,12.5,Medium,طابو أخضر/نظامي,مؤجر,مغلق,تدفئة ديزل,يوجد مصعد,يوجد موقف,داخل مجمع,غير مفروش,"جنوب,غرب",المالك,0,1,0,0,1,1,1
الفردوس,160000,200,200,800.0,4,1,2,2,2,2,3,17.5,Medium,كاتب عدل/وكالة,مؤجر,مغلق,لا يوجد,بدون مصعد,بدون موقف,داخل مجمع,غير مفروش,غرب,وسيط,0,0,0,0,0,0,0
المحطة,160000,200,180,800.0,5,1,2,1,2,2,4,35.0,Old,طابو أخضر/نظامي,فارغ,مفتوح (أمريكي),لا يوجد,بدون مصعد,بدون موقف,داخل مجمع,غير مفروش,غرب,المالك,0,0,0,0,0,0,0
المحطة,165000,200,200,825.0,5,1,2,1,أرضي,0,4,10.0,Semi-New,طابو أخضر/نظامي,مسكون من صاحبه,مغلق,تدفئة ديزل,بدون مصعد,يوجد موقف,داخل مجمع,مفروش,"شرق,غرب",وسيط,0,1,0,0,0,0,0
المحطة,180000,180,180,1000.0,3,1,2,1,2,2,5,7.5,Semi-New,طابو أخضر/نظامي,فارغ,مغلق,تدفئة ديزل,بدون مصعد,يوجد موقف,داخل مجمع,مفروش,"جنوب,غرب",وسيط,0,0,0,0,0,0,0
الوعر,220000,500,500,440.0,4,1,3,0,أرضي,0,3,25.0,Old,طابو أخضر/نظامي,مسكون من صاحبه,مغلق,مركزي,بدون مصعد,يوجد موقف مغلق,خارج مجمع,غير مفروش,"جنوب,شرق,غرب",المالك,0,0,0,0,0,0,0
الغوطة,235000,250,210,940.0,4,1,1,4,1,1,4,12.5,Medium,طابو أخضر/نظامي,مسكون من صاحبه,مغلق,تدفئة ديزل,بدون مصعد,بدون موقف,خارج مجمع,غير مفروش,جنوب,المالك,1,0,0,1,0,0,0
الغوطة,250000,270,270,925.93,5,1,2,1,3,3,3,10.0,Semi-New,طابو أخضر/نظامي,مسكون من صاحبه,مغلق,تدفئة ديزل,بدون مصعد,يوجد موقف,داخل مجمع,مفروش,"جنوب,شمال,غرب",وسيط,0,0,0,0,1,0,0
المحطة,250000,210,210,1190.48,3,1,2,2,1,1,2,7.5,Semi-New,طابو أخضر/نظامي,فارغ,مغلق,مركزي,يوجد مصعد,يوجد موقف مغلق,خارج مجمع,غير مفروش,"جنوب,شرق,غرب",وسيط,0,1,0,0,0,0,0
الزهراء,300000,300,300,1000.0,5,1,2,1,1,1,4,12.5,Medium,طابو أخضر/نظامي,فارغ,مغلق,تدفئة ديزل,بدون مصعد,يوجد موقف,داخل مجمع,غير مفروش,غرب,وسيط,1,1,0,0,0,0,0
